{"count":1,"self":185.23103999999998,"total":247.194966,"children":{"InitializeActuators":{"count":39,"self":0.0030007999999999996,"total":0.0030007999999999996,"children":null},"InitializeSensors":{"count":39,"self":0.0030007999999999996,"total":0.0030007999999999996,"children":null},"AgentSendState":{"count":3601,"self":0.039763099999999996,"total":9.099503799999999,"children":{"CollectObservations":{"count":8373,"self":0.0310019,"total":0.0310019,"children":null},"WriteActionMask":{"count":8373,"self":1.4467474999999999,"total":1.4467474999999999,"children":null},"RequestDecision":{"count":8373,"self":0.0348258,"total":7.5819912999999994,"children":{"AgentInfo.ToProto":{"count":8373,"self":0.0251148,"total":7.5471654999999993,"children":{"GenerateSensorData":{"count":8373,"self":7.5220503999999995,"total":7.5220506999999994,"children":null}}}}}}},"DecideAction":{"count":3601,"self":52.6858656,"total":52.6858645,"children":null},"AgentAct":{"count":3601,"self":0.1609873,"total":0.1609873,"children":null},"AgentInfo.ToProto":{"count":12,"self":0,"total":0.007561,"children":{"GenerateSensorData":{"count":12,"self":0.007561,"total":0.007561,"children":null}}}},"gauges":{"UnitSelector.CumulativeReward":{"count":4,"max":-333.0613,"min":-352.961,"runningAverage":-347.5966,"value":-352.005,"weightedAverage":-344.213928},"ActionSelector.CumulativeReward":{"count":4,"max":-331.7593,"min":-350.887,"runningAverage":-345.28833,"value":-348.642,"weightedAverage":-342.064636},"TargetSelector.CumulativeReward":{"count":4,"max":-332.0593,"min":-351.186981,"runningAverage":-345.588318,"value":-348.942,"weightedAverage":-342.364624}},"metadata":{"timer_format_version":"0.1.0","start_time_seconds":"1767786213","unity_version":"6000.0.22f1","command_line_arguments":"C:\\Program Files\\Unity\\Hub\\Editor\\6000.0.22f1\\Editor\\Unity.exe -projectpath C:\\Users\\MLD\\RTS -useHub -hubIPC -cloudEnvironment production","communication_protocol_version":"1.5.0","com.unity.ml-agents_version":"4.0.0","scene_name":"DRL_vs_Macro_Training_Test","end_time_seconds":"1767786460"}}