{"count":1,"self":187.1222144,"total":188.9918552,"children":{"InitializeActuators":{"count":1,"self":0.00099969999999999985,"total":0.00099969999999999985,"children":null},"InitializeSensors":{"count":1,"self":0.0010004999999999999,"total":0.0010004999999999999,"children":null},"AgentSendState":{"count":8936,"self":0.020001599999999998,"total":0.1179841,"children":{"CollectObservations":{"count":1617,"self":0.0594866,"total":0.0594866,"children":null},"WriteActionMask":{"count":1617,"self":0.0059981999999999995,"total":0.0059981999999999995,"children":null},"RequestDecision":{"count":1617,"self":0.0324977,"total":0.0324977,"children":null}}},"DecideAction":{"count":8936,"self":1.2881554,"total":1.2881554,"children":null},"AgentAct":{"count":8936,"self":0.46050199999999997,"total":0.46050199999999997,"children":null}},"gauges":{"RTSBrain.CumulativeReward":{"count":2,"max":5.530853,"min":0.23599878,"runningAverage":2.88342571,"value":5.530853,"weightedAverage":1.55971229}},"metadata":{"timer_format_version":"0.1.0","start_time_seconds":"1765144673","unity_version":"6000.0.22f1","command_line_arguments":"C:\\Program Files\\Unity\\Hub\\Editor\\6000.0.22f1\\Editor\\Unity.exe -projectpath C:\\Users\\MLD\\RTS -useHub -hubIPC -cloudEnvironment production","communication_protocol_version":"1.5.0","com.unity.ml-agents_version":"4.0.0","scene_name":"DRL_Training_Scene_Watch_Model","end_time_seconds":"1765144862"}}