{"count":1,"self":143.32163839999998,"total":250.1434325,"children":{"InitializeActuators":{"count":6,"self":0.0030012999999999997,"total":0.0030012999999999997,"children":null},"InitializeSensors":{"count":6,"self":0.0020012,"total":0.0020012,"children":null},"AgentSendState":{"count":239526,"self":0.1474527,"total":6.8917794999999993,"children":{"CollectObservations":{"count":41085,"self":0.32119519999999996,"total":0.32119519999999996,"children":null},"WriteActionMask":{"count":41085,"self":6.3329656,"total":6.3329654999999994,"children":null},"RequestDecision":{"count":41085,"self":0.0901661,"total":0.0901661,"children":null}}},"DecideAction":{"count":239526,"self":98.305734399999992,"total":98.3057331,"children":null},"AgentAct":{"count":239526,"self":1.6192773999999999,"total":1.6192773999999999,"children":null}},"gauges":{},"metadata":{"timer_format_version":"0.1.0","start_time_seconds":"1768254143","unity_version":"6000.0.22f1","command_line_arguments":"C:\\Program Files\\Unity\\Hub\\Editor\\6000.0.22f1\\Editor\\Unity.exe -projectpath C:\\Users\\MLD\\RTS -useHub -hubIPC -cloudEnvironment production","communication_protocol_version":"1.5.0","com.unity.ml-agents_version":"4.0.0","scene_name":"DRL_vs_Macro_Game_Scene","end_time_seconds":"1768254393"}}