{"count":1,"self":912.1531904,"total":1138.6573498,"children":{"InitializeActuators":{"count":3,"self":0.0020012999999999997,"total":0.0020012999999999997,"children":null},"InitializeSensors":{"count":3,"self":0.0010000999999999999,"total":0.0010000999999999999,"children":null},"AgentSendState":{"count":1104221,"self":0.379662,"total":18.726151299999998,"children":{"CollectObservations":{"count":80355,"self":2.7766911999999997,"total":2.7766911,"children":null},"WriteActionMask":{"count":80355,"self":15.394319999999999,"total":15.394319999999999,"children":null},"RequestDecision":{"count":80355,"self":0.1754782,"total":0.1754782,"children":null}}},"DecideAction":{"count":1104221,"self":198.4217088,"total":198.4217122,"children":null},"AgentAct":{"count":1104221,"self":9.3522655999999991,"total":9.3522653,"children":null}},"gauges":{"UnitSelector.CumulativeReward":{"count":15,"max":30.8410072,"min":-23.1982,"runningAverage":-0.321889222,"value":-20.5415,"weightedAverage":-7.594877},"ActionSelector.CumulativeReward":{"count":15,"max":32.1810074,"min":-22.898201,"runningAverage":1.13277817,"value":-20.2414989,"weightedAverage":-6.292914},"TargetSelector.CumulativeReward":{"count":15,"max":30.8410072,"min":-23.1982,"runningAverage":-0.321889222,"value":-20.5415,"weightedAverage":-7.594877}},"metadata":{"timer_format_version":"0.1.0","start_time_seconds":"1768767546","unity_version":"6000.0.22f1","command_line_arguments":"C:\\Program Files\\Unity\\Hub\\Editor\\6000.0.22f1\\Editor\\Unity.exe -projectpath C:\\Users\\MLD\\RTS -useHub -hubIPC -cloudEnvironment production","communication_protocol_version":"1.5.0","com.unity.ml-agents_version":"4.0.0","scene_name":"DRL_vs_Macro_Training_INFERENCE","end_time_seconds":"1768768684"}}