{"count":1,"self":151.5421824,"total":8591.3976656,"children":{"InitializeActuators":{"count":17,"self":0.0009998,"total":0.0009998,"children":null},"InitializeSensors":{"count":17,"self":0.0010003,"total":0.0010003,"children":null},"AgentSendState":{"count":589100,"self":8.148264,"total":582.15723489999993,"children":{"CollectObservations":{"count":10012711,"self":241.20529919999998,"total":241.2053063,"children":null},"WriteActionMask":{"count":10012711,"self":3.1441008,"total":3.1441006999999996,"children":null},"RequestDecision":{"count":10012711,"self":8.6144464,"total":329.6595635,"children":{"AgentInfo.ToProto":{"count":10012711,"self":9.734831999999999,"total":321.0451167,"children":{"GenerateSensorData":{"count":10012711,"self":311.3102848,"total":311.3102849,"children":null}}}}}}},"DecideAction":{"count":589100,"self":7832.6611968,"total":7832.6613272999994,"children":null},"AgentAct":{"count":589100,"self":24.967089599999998,"total":24.967089899999998,"children":null},"AgentInfo.ToProto":{"count":1989,"self":0.0010002,"total":0.066833099999999993,"children":{"GenerateSensorData":{"count":1989,"self":0.0658329,"total":0.0658329,"children":null}}}},"gauges":{"RTSBrain.CumulativeReward":{"count":1989,"max":2.28500032,"min":-22.2703037,"runningAverage":1.05515242,"value":2.19399858,"weightedAverage":2.22110224}},"metadata":{"timer_format_version":"0.1.0","start_time_seconds":"1765099581","unity_version":"6000.0.22f1","command_line_arguments":"C:\\Program Files\\Unity\\Hub\\Editor\\6000.0.22f1\\Editor\\Unity.exe -projectpath C:\\Users\\MLD\\RTS -useHub -hubIPC -cloudEnvironment production","communication_protocol_version":"1.5.0","com.unity.ml-agents_version":"4.0.0","scene_name":"DRL_Training_Scene","end_time_seconds":"1765108173"}}