{"count":1,"self":27.452211199999997,"total":83.21697189999999,"children":{"InitializeActuators":{"count":1,"self":0.0010002,"total":0.0010002,"children":null},"InitializeSensors":{"count":1,"self":0.0010000999999999999,"total":0.0010000999999999999,"children":null},"AgentSendState":{"count":66217,"self":0.065503499999999992,"total":0.2345264,"children":{"CollectObservations":{"count":17215,"self":0.0280925,"total":0.0280925,"children":null},"WriteActionMask":{"count":17215,"self":0.0080030999999999991,"total":0.0080030999999999991,"children":null},"RequestDecision":{"count":17215,"self":0.041913099999999995,"total":0.1329273,"children":{"AgentInfo.ToProto":{"count":17215,"self":0.028006299999999998,"total":0.09101419999999999,"children":{"GenerateSensorData":{"count":17215,"self":0.063007899999999992,"total":0.063007899999999992,"children":null}}}}}}},"DecideAction":{"count":66217,"self":47.328755199999996,"total":47.3287555,"children":null},"AgentAct":{"count":66217,"self":8.1984792,"total":8.1984792,"children":null},"AgentInfo.ToProto":{"count":1,"self":0.0010006,"total":0.0010006,"children":{"GenerateSensorData":{"count":1,"self":0,"total":0,"children":null}}}},"gauges":{"RTSBrain.CumulativeReward":{"count":1,"max":-60.47222,"min":-60.47222,"runningAverage":-60.47222,"value":-60.47222,"weightedAverage":-60.47222}},"metadata":{"timer_format_version":"0.1.0","start_time_seconds":"1765376130","unity_version":"6000.0.22f1","command_line_arguments":"C:\\Program Files\\Unity\\Hub\\Editor\\6000.0.22f1\\Editor\\Unity.exe -projectpath C:\\Users\\MLD\\RTS -useHub -hubIPC -cloudEnvironment production","communication_protocol_version":"1.5.0","com.unity.ml-agents_version":"4.0.0","scene_name":"DRL_vs_Macro_Training","end_time_seconds":"1765376213"}}