{"count":1,"self":46.520022399999995,"total":48.451596099999996,"children":{"InitializeActuators":{"count":3,"self":0.0009999,"total":0.0009999,"children":null},"InitializeSensors":{"count":3,"self":0.0020012,"total":0.0020012,"children":null},"AgentSendState":{"count":6213,"self":0.0085416,"total":0.3510868,"children":{"CollectObservations":{"count":1935,"self":0.047886899999999996,"total":0.047886899999999996,"children":null},"WriteActionMask":{"count":1935,"self":0.27264879999999997,"total":0.27264879999999997,"children":null},"RequestDecision":{"count":1935,"self":0.022009499999999998,"total":0.022009499999999998,"children":null}}},"DecideAction":{"count":6213,"self":1.5163898999999998,"total":1.5163898999999998,"children":null},"AgentAct":{"count":6213,"self":0.060096399999999994,"total":0.060096399999999994,"children":null}},"gauges":{},"metadata":{"timer_format_version":"0.1.0","start_time_seconds":"1769468707","unity_version":"6000.0.22f1","command_line_arguments":"C:\\Program Files\\Unity\\Hub\\Editor\\6000.0.22f1\\Editor\\Unity.exe -projectpath C:\\Users\\MLD\\RTS -useHub -hubIPC -cloudEnvironment production","communication_protocol_version":"1.5.0","com.unity.ml-agents_version":"4.0.0","scene_name":"DRL_vs_Macro_Training_INFERENCE","end_time_seconds":"1769468755"}}