{"count":1,"self":166.2889088,"total":1251.6913938,"children":{"InitializeActuators":{"count":16,"self":0.0020005,"total":0.0020005,"children":null},"InitializeSensors":{"count":16,"self":0.0010000999999999999,"total":0.0010000999999999999,"children":null},"AgentSendState":{"count":70760,"self":1.1814228,"total":87.6198184,"children":{"CollectObservations":{"count":1131576,"self":38.271836799999996,"total":38.2718377,"children":null},"WriteActionMask":{"count":1131576,"self":1.5949083,"total":1.5949083,"children":null},"RequestDecision":{"count":1131576,"self":1.0796828,"total":46.5716496,"children":{"AgentInfo.ToProto":{"count":1131576,"self":1.2914686,"total":45.4919668,"children":{"GenerateSensorData":{"count":1131576,"self":44.200499199999996,"total":44.2004982,"children":null}}}}}}},"DecideAction":{"count":70760,"self":990.6941952,"total":990.69415429999992,"children":null},"AgentAct":{"count":70760,"self":7.0414287999999994,"total":7.0414289,"children":null},"AgentInfo.ToProto":{"count":584,"self":0.0040003999999999994,"total":0.0440882,"children":{"GenerateSensorData":{"count":584,"self":0.0400878,"total":0.0400878,"children":null}}}},"gauges":{"RTSBrain.CumulativeReward":{"count":584,"max":371.392426,"min":-9.40971,"runningAverage":43.7689133,"value":63.246685,"weightedAverage":164.671677}},"metadata":{"timer_format_version":"0.1.0","start_time_seconds":"1765141917","unity_version":"6000.0.22f1","command_line_arguments":"C:\\Program Files\\Unity\\Hub\\Editor\\6000.0.22f1\\Editor\\Unity.exe -projectpath C:\\Users\\MLD\\RTS -useHub -hubIPC -cloudEnvironment production","communication_protocol_version":"1.5.0","com.unity.ml-agents_version":"4.0.0","scene_name":"DRL_Training_Scene","end_time_seconds":"1765143169"}}