{"count":1,"self":1995.7204992,"total":1999.8350590999999,"children":{"InitializeActuators":{"count":1,"self":0.0019996,"total":0.0019996,"children":null},"InitializeSensors":{"count":1,"self":0.0009928,"total":0.0009928,"children":null},"AgentSendState":{"count":1966000,"self":0.4003636,"total":2.3204632999999997,"children":{"CollectObservations":{"count":5616,"self":0.024002199999999998,"total":0.024002199999999998,"children":null},"WriteActionMask":{"count":5616,"self":1.8912217999999998,"total":1.8912217999999998,"children":null},"RequestDecision":{"count":5616,"self":0.0048757,"total":0.0048757,"children":null}}},"DecideAction":{"count":1966000,"self":0.69548159999999992,"total":0.69548159999999992,"children":null},"AgentAct":{"count":1966000,"self":1.0956337,"total":1.0956337,"children":null}},"gauges":{"RTSBrain.CumulativeReward":{"count":8,"max":29.3803539,"min":11.2191715,"runningAverage":20.0830669,"value":28.3427258,"weightedAverage":21.9859657}},"metadata":{"timer_format_version":"0.1.0","start_time_seconds":"1765576768","unity_version":"6000.0.22f1","command_line_arguments":"C:\\Program Files\\Unity\\Hub\\Editor\\6000.0.22f1\\Editor\\Unity.exe -projectpath C:\\Users\\MLD\\RTS -useHub -hubIPC -cloudEnvironment production","communication_protocol_version":"1.5.0","com.unity.ml-agents_version":"4.0.0","scene_name":"DRL_vs_Macro_Training_H","end_time_seconds":"1765578768"}}