{"count":1,"self":3081.4910464,"total":3231.9637647,"children":{"InitializeActuators":{"count":1,"self":0.0015132,"total":0.0015132,"children":null},"InitializeSensors":{"count":1,"self":0.0015099,"total":0.0015099,"children":null},"AgentSendState":{"count":67017,"self":0.0448294,"total":20.5029426,"children":{"CollectObservations":{"count":12063,"self":0.058142299999999994,"total":0.058142299999999994,"children":null},"WriteActionMask":{"count":12063,"self":1.6047589999999998,"total":1.6047589999999998,"children":null},"RequestDecision":{"count":12063,"self":0.0511553,"total":18.795211899999998,"children":{"AgentInfo.ToProto":{"count":12063,"self":0.050609999999999995,"total":18.7440566,"children":{"GenerateSensorData":{"count":12063,"self":18.6934464,"total":18.693446599999998,"children":null}}}}}}},"DecideAction":{"count":67017,"self":126.8192768,"total":126.8192713,"children":null},"AgentAct":{"count":67017,"self":3.1414432,"total":3.1414431,"children":null},"AgentInfo.ToProto":{"count":3,"self":0,"total":0.0060006999999999994,"children":{"GenerateSensorData":{"count":3,"self":0.0060006999999999994,"total":0.0060006999999999994,"children":null}}}},"gauges":{"RTSBrain.CumulativeReward":{"count":3,"max":249.9405,"min":-249.7955,"runningAverage":-82.72549,"value":249.9405,"weightedAverage":-124.585129}},"metadata":{"timer_format_version":"0.1.0","start_time_seconds":"1767801396","unity_version":"6000.0.22f1","command_line_arguments":"C:\\Program Files\\Unity\\Hub\\Editor\\6000.0.22f1\\Editor\\Unity.exe -projectpath C:\\Users\\MLD\\RTS -useHub -hubIPC -cloudEnvironment production","communication_protocol_version":"1.5.0","com.unity.ml-agents_version":"4.0.0","scene_name":"DRL_vs_Macro_Training_Test_OLDONEBRAİN","end_time_seconds":"1767804628"}}