{"count":1,"self":369.208192,"total":8676.3176298,"children":{"InitializeActuators":{"count":10,"self":0.0015481,"total":0.0015481,"children":null},"InitializeSensors":{"count":10,"self":0.0010007,"total":0.0010007,"children":null},"AgentSendState":{"count":4610019,"self":8.2211216,"total":575.1885212,"children":{"CollectObservations":{"count":9220040,"self":229.80223999999998,"total":229.8022459,"children":null},"WriteActionMask":{"count":9220040,"self":1.2299225,"total":1.2299225,"children":null},"RequestDecision":{"count":9220040,"self":8.464012799999999,"total":335.9352311,"children":{"AgentInfo.ToProto":{"count":9220040,"self":7.1144799999999995,"total":327.47121849999996,"children":{"GenerateSensorData":{"count":9220040,"self":320.356736,"total":320.3567389,"children":null}}}}}}},"DecideAction":{"count":4610019,"self":7719.6845055999993,"total":7719.6845995999993,"children":null},"AgentAct":{"count":4610019,"self":11.9174592,"total":11.9174589,"children":null},"AgentInfo.ToProto":{"count":9220,"self":0.0073044,"total":0.31531519999999996,"children":{"GenerateSensorData":{"count":9220,"self":0.3080108,"total":0.3080108,"children":null}}}},"gauges":{"RTSBrain.CumulativeReward":{"count":9220,"max":-0.1759964,"min":-0.926005363,"runningAverage":-0.196407378,"value":-0.1759964,"weightedAverage":-0.175996423}},"metadata":{"timer_format_version":"0.1.0","start_time_seconds":"1765034162","unity_version":"6000.0.22f1","command_line_arguments":"C:\\Program Files\\Unity\\Hub\\Editor\\6000.0.22f1\\Editor\\Unity.exe -projectpath C:\\Users\\MLD\\RTS -useHub -hubIPC -cloudEnvironment production","communication_protocol_version":"1.5.0","com.unity.ml-agents_version":"4.0.0","scene_name":"DRL_Training_Scene","end_time_seconds":"1765042838"}}