{"count":1,"self":355.74855679999996,"total":7155.2133813,"children":{"InitializeActuators":{"count":16,"self":0.0020006,"total":0.0020006,"children":null},"InitializeSensors":{"count":16,"self":0.0010056,"total":0.0010056,"children":null},"AgentSendState":{"count":280420,"self":4.585042,"total":620.06723419999992,"children":{"CollectObservations":{"count":4483027,"self":262.5817088,"total":262.5816979,"children":null},"WriteActionMask":{"count":4483027,"self":3.9407872,"total":3.9407870999999997,"children":null},"RequestDecision":{"count":4483027,"self":4.0369351999999994,"total":348.9597071,"children":{"AgentInfo.ToProto":{"count":4483027,"self":4.842172,"total":344.9227717,"children":{"GenerateSensorData":{"count":4483027,"self":340.0805888,"total":340.0805995,"children":null}}}}}}},"DecideAction":{"count":280420,"self":6154.1015552,"total":6154.1013969999995,"children":null},"AgentAct":{"count":280420,"self":24.959856,"total":24.959855299999997,"children":null},"AgentInfo.ToProto":{"count":3693,"self":0.019785,"total":0.3333388,"children":{"GenerateSensorData":{"count":3693,"self":0.3135538,"total":0.3135538,"children":null}}}},"gauges":{"RTSBrain.CumulativeReward":{"count":3693,"max":87.93151,"min":-127.198471,"runningAverage":51.3773651,"value":61.2452164,"weightedAverage":63.17726}},"metadata":{"timer_format_version":"0.1.0","start_time_seconds":"1765188313","unity_version":"6000.0.22f1","command_line_arguments":"C:\\Program Files\\Unity\\Hub\\Editor\\6000.0.22f1\\Editor\\Unity.exe -projectpath C:\\Users\\MLD\\RTS -useHub -hubIPC -cloudEnvironment production","communication_protocol_version":"1.5.0","com.unity.ml-agents_version":"4.0.0","scene_name":"DRL_Training_Scene","end_time_seconds":"1765195468"}}