{"count":1,"self":358.3830528,"total":556.19034549999992,"children":{"InitializeActuators":{"count":3,"self":0.0009996,"total":0.0009996,"children":null},"InitializeSensors":{"count":3,"self":0.001,"total":0.001,"children":null},"AgentSendState":{"count":113634,"self":0.0987455,"total":25.6022674,"children":{"CollectObservations":{"count":15504,"self":1.8151484,"total":1.8151483,"children":null},"WriteActionMask":{"count":15504,"self":3.1817404,"total":3.1817404,"children":null},"RequestDecision":{"count":15504,"self":0.09390939999999999,"total":20.5066332,"children":{"AgentInfo.ToProto":{"count":15504,"self":0.1547934,"total":20.4127238,"children":{"GenerateSensorData":{"count":15504,"self":20.2579296,"total":20.2579304,"children":null}}}}}}},"DecideAction":{"count":113634,"self":171.56386559999999,"total":171.56387139999998,"children":null},"AgentAct":{"count":113634,"self":0.62162679999999992,"total":0.62162679999999992,"children":null},"AgentInfo.ToProto":{"count":12,"self":0.0020012,"total":0.014536599999999998,"children":{"GenerateSensorData":{"count":12,"self":0.012535399999999999,"total":0.012535399999999999,"children":null}}}},"gauges":{"UnitSelector.CumulativeReward":{"count":4,"max":-9.790472,"min":-28.2499981,"runningAverage":-22.8088665,"value":-9.790472,"weightedAverage":-23.0951176},"ActionSelector.CumulativeReward":{"count":4,"max":2.95962524,"min":-25.9499989,"runningAverage":-17.89335,"value":2.95962524,"weightedAverage":-18.1807213},"TargetSelector.CumulativeReward":{"count":4,"max":-9.790472,"min":-28.2499981,"runningAverage":-22.8088665,"value":-9.790472,"weightedAverage":-23.0951176}},"metadata":{"timer_format_version":"0.1.0","start_time_seconds":"1769085872","unity_version":"6000.0.22f1","command_line_arguments":"C:\\Program Files\\Unity\\Hub\\Editor\\6000.0.22f1\\Editor\\Unity.exe -projectpath C:\\Users\\MLD\\RTS -useHub -hubIPC -cloudEnvironment production","communication_protocol_version":"1.5.0","com.unity.ml-agents_version":"4.0.0","scene_name":"DRL_vs_Macro_Training 1","end_time_seconds":"1769086428"}}