{"count":1,"self":45.3661824,"total":45.384180199999996,"children":{"InitializeActuators":{"count":12,"self":0.0019982999999999997,"total":0.0019982999999999997,"children":null},"InitializeSensors":{"count":12,"self":0.00099549999999999986,"total":0.00099549999999999986,"children":null},"AgentSendState":{"count":33962,"self":0.0080027,"total":0.0080027,"children":null},"DecideAction":{"count":33962,"self":0.0050009999999999994,"total":0.0050009999999999994,"children":null},"AgentAct":{"count":33962,"self":0.0020001,"total":0.0020001,"children":null}},"gauges":{},"metadata":{"timer_format_version":"0.1.0","start_time_seconds":"1769555453","unity_version":"6000.0.22f1","command_line_arguments":"C:\\Program Files\\Unity\\Hub\\Editor\\6000.0.22f1\\Editor\\Unity.exe -projectpath C:\\Users\\MLD\\RTS -useHub -hubIPC -cloudEnvironment production","communication_protocol_version":"1.5.0","com.unity.ml-agents_version":"4.0.0","scene_name":"menu_0","end_time_seconds":"1769555498"}}